"","W1","W2","W3","W4","W5","A","Y"
"1",1,0.483456830042982,-1.7154206255205,0,-0.935846654396974,0,1
"2",1,0.557390715820556,-2.2738177827305,0,0.965718294497005,0,1
"3",1,0.49538360952191,-1.19442658401593,0,-3.57438707466682,1,1
"4",1,0.599436560049413,-1.98181251166189,0,-3.03402479268225,1,1
"5",0,0.765596951247117,-5.52227560795229,0,-2.10002220202318,1,0
"6",0,0.370485028906075,1.94719254155245,1,0.28276772129612,0,1
"7",1,0.440128923548128,-3.31134094360226,0,0.763856781440288,1,0
"8",0,0.39736168491131,5.23677546379061,1,0.655546412798068,1,0
"9",0,0.492800285308467,-3.46058998129444,0,0.454461645282164,0,0
"10",0,0.860621448754184,-0.818874166216017,0,0.729998801737302,1,0
"11",0,0.677206079944866,-2.82160887664696,0,-2.41449857252946,1,0
"12",0,0.543412861926507,-2.43366860442209,0,-1.03065192471109,1,0
"13",1,0.520214324142483,1.9419449062613,1,-0.159767315252587,0,1
"14",0,0.466361337506218,-0.555957070373478,0,-1.62409524139988,0,0
"15",1,0.249293955373152,-1.34736068378957,0,2.50741650252139,0,1
"16",0,0.0358073300364053,4.22665020917869,1,2.94978056896926,1,1
"17",0,0.519888447729653,1.25718979135315,1,0.577087080610961,0,1
"18",0,0.716592982223135,0.175713746482409,1,1.17677637018038,0,1
"19",1,0.740031789225076,-4.17225851569342,0,1.17666688310513,0,1
"20",1,0.454692539932027,-2.28984523708174,0,1.82918743483889,0,1
"21",0,0.35256928620282,3.32126755735965,1,-0.0137823393375982,0,1
"22",1,0.900280110839299,-5.55747444561702,0,-1.99880524419654,1,0
"23",1,0.418094067765851,1.90229704757847,1,-0.423628721087089,1,0
"24",1,0.655557538106864,-0.383641488773104,0,-3.88593397392574,1,1
"25",0,0.329243729058557,2.11169306543668,1,-2.18942957956168,0,1
"26",1,0.0774455097904966,4.65601576277103,1,-1.14080664146748,0,1
"27",1,0.451097291878894,0.273233863863622,1,2.42481622996175,0,1
"28",1,0.570920581799017,-2.90595866530919,0,-2.08279193025017,0,1
"29",0,0.556917041173227,1.09138642693784,1,-0.72143405801987,0,1
"30",0,0.636663931102736,-2.35600935522713,0,-1.56201686442978,0,1
"31",1,0.471189905549449,2.63194714053827,1,0.366670246872287,0,1
"32",1,0.254973104879645,-0.827883774632918,0,1.91323099636168,1,1
"33",1,0.247653888542625,4.44083311191195,1,2.19706739011683,1,1
"34",0,0.673618097902765,-3.01508644423865,0,-3.35387912024504,1,1
"35",0,0.54699347641062,-2.56494007101401,0,-0.00703500791968383,1,1
"36",1,0.41975930057009,-1.56999437833083,0,2.03809549361457,0,1
"37",1,0.569240540794188,0.0465004854859869,1,-1.35400041354142,1,1
"38",1,0.475424393876609,-1.96432708365569,0,-0.670325979169585,0,0
"39",0,0.504672355011873,-1.81211218512227,0,-2.97478130742315,1,0
"40",0,0.735592210941979,-2.34997250336122,0,-1.26249441780685,1,1
"41",1,0.319673451934262,2.28076152979756,1,1.54197939122009,1,1
"42",0,0.740013820770486,0.74511274090224,1,-3.11663938956758,0,0
"43",1,0.576266750691727,-3.68258625442274,0,0.739005010483315,0,0
"44",1,0.514153176372456,-0.0735777170162954,0,4.14247358023499,0,1
"45",0,0.399256484723627,1.69133949068859,1,1.92117327612029,1,0
"46",1,0.893344698225678,-2.86472920577599,0,-2.45401619519003,1,1
"47",1,0.562260539975357,-2.8344360913006,0,1.72264507993601,0,1
"48",0,0.697439762169359,-0.636438205966807,0,-1.33527328616661,0,0
"49",0,0.425805235961758,-1.74371607621016,0,0.4579577344584,0,0
"50",0,0.473108602469371,-2.23056917486954,0,1.27616882414473,0,1
"51",0,0.448139821863222,2.63054444780954,1,-3.50476137337803,1,0
"52",1,0.204540782471537,0.163367003975049,1,3.23281150890316,1,1
"53",0,0.446177734039825,-2.18598165749626,0,-0.172845223556306,1,0
"54",0,0.63211304901382,-0.568339610734345,0,0.373245636289966,0,1
"55",0,0.550788541200628,-1.20285337399512,0,2.72453683626341,0,1
"56",0,0.453478342687214,-0.472093530759201,0,0.52661258798858,0,1
"57",0,0.469247231960386,2.77560735600395,1,0.835168787607392,1,1
"58",1,0.563393778674237,-2.16366219759969,0,1.52927057614164,0,1
"59",0,0.494296436035513,1.5994761596472,1,-4.66089962852576,0,0
"60",1,0.155386199639561,3.33889419658908,1,-0.350856206448962,1,1
"61",1,0.66218353721499,-2.37907268405067,0,-0.618731601872868,0,1
"62",1,0.253384739957534,-4.9757141796612,0,-0.950056023432323,0,1
"63",1,0.377003392676123,2.80744193118866,1,0.0159032139064885,0,0
"64",1,0.468728362060263,-0.378903703317248,0,-0.997276090955593,1,0
"65",0,0.663084228953114,-1.73369637120738,0,0.0498785423836059,0,0
"66",0,0.666430307206925,0.737574222945818,1,-0.801926219341053,0,1
"67",1,0.26956998749815,3.71861534807084,1,-1.501649114429,0,1
"68",1,0.678305466902764,-2.22203986075345,0,-0.801730660165579,0,1
"69",1,0.293145943015293,0.0627666088701118,1,1.07462944020119,0,1
"70",1,0.433857235122708,0.0629121264799241,1,0.908863729586539,1,1
"71",1,0.61314717850186,-3.5662325430257,0,0.551179876399546,0,1
"72",0,0.461501401833964,0.572590644892266,1,0.992981781666655,0,1
"73",1,0.346343667726202,-0.796052615804032,0,-0.0418567872785747,0,0
"74",1,0.363876651224348,2.32726229844506,1,-0.68800623583766,0,1
"75",1,0.557985582788738,-3.48036589330373,0,-2.60561671507996,1,1
"76",0,0.301119742395596,1.83523642838492,1,-0.321333889846105,0,1
"77",0,0.630864681710514,-2.13998126225422,0,-0.843513084685788,1,0
"78",0,0.458682498862802,3.99487645359791,1,2.54614262909992,1,1
"79",1,0.419516780496468,1.01318098627031,1,-1.34833224588631,1,1
"80",1,0.602591047384528,0.156117777735275,1,3.07082906727482,1,1
"81",0,0.669862022250272,-3.61136691344694,0,-1.30893052651017,0,0
"82",0,0.440702394564413,0.67414119878899,1,1.0589887542427,0,1
"83",1,0.431870685896984,-2.08886159679369,0,2.01373900705664,0,1
"84",0,0.483693945238473,6.13065303327587,1,-0.161516060179747,0,1
"85",0,0.728021029658286,-2.81143870774843,0,-1.8362965270866,0,0
"86",0,0.721607160843874,-0.752089460680286,0,-0.570467753297016,0,0
"87",0,0.477058996943513,1.38579486531558,1,-2.09205198724273,0,0
"88",1,0.098389368809185,2.05541151890436,1,1.37231601286976,1,1
"89",0,0.604022134749515,0.228755019222587,1,-1.40406471062876,1,0
"90",1,0.273105915640495,0.666296903096105,1,-0.0552578853997834,0,1
"91",1,0.364431873667271,1.66304838774635,1,-2.15991254580004,0,1
"92",0,0.568814964695148,-4.47311355657374,0,0.768436166155321,0,1
"93",0,0.371004982652212,4.53807077564887,1,0.93603650165435,0,1
"94",1,0.575794051169343,-2.5259957312097,0,-0.217263104335107,0,1
"95",1,0.377211182380938,0.58320331964244,1,1.44105371358404,0,1
"96",0,0.534008418823486,1.44810789834002,1,-0.287462488202607,1,1
"97",1,0.46421699135071,-4.1225374442021,0,2.35427688084199,0,1
"98",1,0.69211810018533,1.10576832004152,1,2.17224181249654,0,1
"99",1,0.454159976394018,-1.37462527976624,0,-1.60109962844028,0,1
"100",0,0.450784697321095,2.35039107437728,1,-0.217751036045627,0,0
"101",1,0.351802748302842,1.57263004890235,1,-3.07100732659478,0,1
"102",0,0.413568875612094,3.82493046490842,1,0.482804759579053,0,1
"103",0,0.761286604253988,-4.47046489387809,0,-2.37524595851092,1,0
"104",0,0.547362861747463,2.36979209398107,1,2.7690108486862,1,1
"105",1,0.557836242642004,2.36767855837311,1,-0.522626687560574,0,0
"106",1,0.613673702318203,-2.65453520822552,0,-1.05056064110563,1,0
"107",0,0.629311179847237,-0.976815304944338,0,-2.297626615963,1,0
"108",0,0.154673620550776,8.43101336888065,1,2.68178996634906,1,1
"109",1,0.651427552512891,-2.64535748141697,0,0.200587584329345,0,1
"110",0,0.715555235892093,-3.06408638271069,0,0.993278786164915,0,1
"111",1,0.382765301868048,-2.72971974586878,0,0.0800438775634856,0,0
"112",0,0.387097074321792,4.27070326907714,1,-2.30858397141962,0,0
"113",1,0.144183991887869,5.21963996217074,1,1.59585903935227,1,1
"114",1,0.392724764248548,-0.740929765063677,0,0.342494141043546,0,1
"115",1,0.357153566013188,-0.136850262997818,0,1.77363519666964,0,1
"116",0,0.435945072982683,2.02847409511587,1,0.901289326282243,1,1
"117",0,0.569594865592305,0.374303759171329,1,-0.0732295072255179,1,1
"118",0,0.398642684924415,-0.474161125557342,0,1.59506495113684,0,1
"119",1,0.645496822842449,-1.98218715219448,0,-0.35488139847363,0,1
"120",1,0.56849751650622,-4.03568334592471,0,2.1331725021558,0,1
"121",1,0.272509776127535,-2.85048897518766,0,1.371332328363,0,1
"122",0,0.459849914281081,1.21438968431715,1,-1.60969307899228,0,0
"123",1,0.42006811378806,-2.17690335715628,0,-1.04386485836199,0,1
"124",1,0.531756990936747,-1.07762073674554,0,-0.133656142862174,0,1
"125",0,0.777359484267078,-2.03391830917262,0,-1.99241968035396,1,0
"126",1,0.374155771381402,-1.85369359641815,0,4.01023101247612,0,1
"127",0,0.418429309392911,0.235600674950288,1,-0.274680917109065,0,0
"128",1,0.421293160898054,0.625072465347863,1,-3.51967003831486,0,1
"129",1,0.753684864741445,-3.40433937431172,0,-1.56379280552572,1,0
"130",0,0,3.05856748534399,1,0.0851758272887325,0,1
"131",0,0.638670207397672,0.513411320475004,1,-0.478419325444461,0,1
"132",0,0.756084398666646,-2.51165261350625,0,-2.86284592956934,1,0
"133",0,0.724189463532746,-4.56612716197099,0,0.267405642884042,0,1
"134",0,0.55845928131608,3.29783257174738,1,0.737844506885918,0,1
"135",0,0.379467184379883,1.55050368203045,1,-2.24350775012399,0,1
"136",1,0.678289291593513,-3.13537077009285,0,2.14247673478813,0,1
"137",0,0.396860361176951,4.01128141278682,1,-1.70167077203824,0,1
"138",1,0.585731096146911,-4.92769223782514,0,-1.81170183101723,1,0
"139",0,0.550019264491219,-1.46467974876574,0,-1.93065346020116,1,0
"140",1,0.262736744435285,2.9583686131884,1,-0.3386654267306,0,1
"141",0,0.37565690646144,-0.183461875322658,0,-0.11889121373261,0,1
"142",1,0.275555759665137,1.94438205625894,1,1.88855031356362,1,1
"143",0,0.629660119253944,3.89136854644232,1,-1.84884726417574,0,0
"144",1,0.24627336099246,0.344396380544717,1,3.39680139927686,0,1
"145",1,0.554587872422153,1.18659336731454,1,1.43909413962653,0,1
"146",0,0.599439007804212,0.0746248810664533,1,-0.9640246252425,1,1
"147",1,0.280518882004267,-2.41797232107436,0,3.43377608146704,0,1
"148",0,0.612711128437284,1.23393578089329,1,-3.29694526169837,0,1
"149",1,0.394868481132684,-1.40864690627592,0,1.19149665665973,0,1
"150",0,0.64499389018547,1.34476895035665,1,0.447061404637668,1,1
"151",0,0.488586724314758,5.20014818146028,1,2.18321083151039,1,1
"152",1,0.372637479427576,2.13444140710339,1,-1.39703835528636,0,1
"153",0,0.563855864606975,-2.59169699828599,0,-1.17935482287966,0,0
"154",0,0.55812184552178,-0.465420465558429,0,3.2018667223539,0,1
"155",1,0.679191791538549,-6.30791843360962,0,1.16858928278804,0,1
"156",1,0.223383799798986,-2.36131737102557,0,1.50492439466046,0,1
"157",0,0.601356684238561,-3.54390994313558,0,-2.22085904762981,1,0
"158",1,0.177360577477905,1.33938731630702,1,0.253183023866273,0,1
"159",0,0.613460603199616,0.560440843609715,1,-2.42590063615115,0,0
"160",1,0.279892064100899,-5.906078166477,0,5.40436877678585,0,1
"161",1,0.510304851232613,-0.997581304977708,0,1.64142086744254,0,1
"162",0,0.462218178368574,0.974248478847968,1,3.42238022019289,0,1
"163",0,0.333179307703629,4.36639581128333,1,-2.09192189141116,0,1
"164",1,0.690200244649321,-4.01095710347308,0,2.21151816126703,1,1
"165",1,0.532819876562937,-2.19365896766807,0,2.76901253291817,0,1
"166",1,0.544693931422855,-3.49173913658708,0,0.177934490241988,0,1
"167",1,0.493426649698112,-4.18819147692751,0,2.23236127201836,0,1
"168",0,0.400775098390114,4.57253291154761,1,0.174863955802153,1,0
"169",0,0.623057935168921,-6.06467649935289,0,0.502555860126852,0,1
"170",0,0.825309165824917,-3.10460249926375,0,-2.79489678958505,1,0
"171",1,0.603731589528123,-2.03306753245423,0,1.11216723720444,0,1
"172",0,0.517419681095584,3.27144756874611,1,-0.203999079671134,0,1
"173",0,0.623799923663432,2.27579415907614,1,-2.30240359932799,0,0
"174",1,0.202327516337859,4.10507612497403,1,-0.388364407432805,0,1
"175",1,0.578904754542757,-4.34465759733688,0,-2.79694461863567,1,1
"176",0,0.804627598063727,-2.42913060788424,0,-2.61640927041768,1,0
"177",0,0.48512639998249,1.89249419703183,1,2.234534630589,1,1
"178",0,0.966180925442095,-2.20018849783602,0,-2.71230733228051,0,0
"179",0,0.64029501844112,-1.57782801310988,0,-2.91609807532746,1,0
"180",0,0.48289231515498,-0.569245263097187,0,-0.45050615064654,0,1
"181",1,0.382522036743517,1.13574388829898,1,3.64790700142658,0,1
"182",1,0.379681496652088,-0.493738422579161,0,1.71754401652375,0,1
"183",0,0.525431252652908,-0.0836537598138224,0,1.18487522062857,1,1
"184",1,0.373201802982064,-4.19340904114167,0,1.79461977271818,0,1
"185",1,0.217355511320882,2.1514533424105,1,-1.95013264364562,0,1
"186",1,0.60017387936729,-2.43045167859099,0,0.0660194674068434,0,1
"187",1,0.53013154307729,0.247809475833093,1,3.79308180622568,0,1
"188",0,0.510511085080998,-3.50265138400439,0,-3.2567304667038,1,1
"189",1,0.35171169294817,0.02113907580944,1,1.09695100119266,0,1
"190",0,0.699621783593349,-2.33801451466081,0,-1.12295853819818,0,1
"191",1,0.348450933837563,-1.81627717937338,0,3.21457145855926,0,1
"192",1,0.410529103831244,0.728165668128529,1,-1.79876701170931,0,1
"193",1,0.195929847287266,2.51660240682973,1,0.410566790568771,1,1
"194",1,0.441781635679892,-0.898158366420139,0,-2.98661960135838,0,1
"195",1,0.324404778678398,0.574528035939154,1,-1.71238124386284,0,1
"196",0,0.508993266952996,0.767860310386684,1,-1.19984130528291,0,1
"197",1,0.175551066103621,-1.3744153110563,0,0.759422091842122,0,1
"198",0,0.293968156656414,2.18714281399229,1,2.24673744114015,0,1
"199",0,0.673125975032371,-2.12422868472382,0,-2.78188076693752,0,0
"200",1,0.339273060136887,3.35961424017394,1,2.01762684949073,1,1
"201",0,0.625180500378383,0.416327760445824,1,0.0520978106546751,1,1
"202",1,0.150267062507137,0.986246786907497,1,1.58844338737113,0,1
"203",1,0.324464039576158,0.379193703842217,1,-0.448959021367764,0,1
"204",0,0.621196795177255,-2.37869481531779,0,1.3026895919281,0,0
"205",1,0.597670937549125,-2.68513087231992,0,0.178171013104566,0,0
"206",0,0.602807968451102,1.19630242406342,1,0.718321416202052,0,0
"207",1,0.0287250728359627,4.86448517036052,1,1.33105305348351,1,1
"208",0,0.397142439616969,1.88813471251535,1,4.08919859361847,1,1
"209",0,0.565276270256353,-0.173867765286747,0,-2.0977647834375,0,0
"210",0,0.470143539480818,2.81363887630003,1,-1.29095286718578,0,0
"211",0,0.335768030076138,-0.658813816900584,0,2.14365983174059,0,0
"212",0,0.511034567723598,-0.485456585461629,0,-0.221579235254918,0,1
"213",1,0.563091898238254,-2.46170690460532,0,0.132691452799733,0,0
"214",1,0.562496871044062,-0.0624808767275339,0,0.247906332877425,1,1
"215",1,0.067106132275306,4.5090553294682,1,1.29432108033673,1,1
"216",1,0.380811649524739,3.70660139150184,1,0.783969899779924,0,1
"217",1,0.348989384616984,-6.66696883357695,0,4.14481881308801,0,1
"218",0,0.776342564430353,-1.79872672895156,0,-1.53570107981707,1,0
"219",1,0.444215445101017,-1.30314069365718,0,-4.64198346120358,0,1
"220",1,0.487646999174702,0.0839034629699467,1,-0.387686288528795,1,1
"221",1,0.594005065571774,-0.0598522691645359,0,0.389351961689983,0,1
"222",1,0.576061301394959,-0.649164288675173,0,0.121178597523872,0,1
"223",0,0.606440666090322,-2.38071313644787,0,-3.79414654017226,1,0
"224",0,0.519868100249839,-0.0450221387952698,0,-0.0150411913594089,0,0
"225",0,0.180077269880231,3.92289513083559,1,2.17021888441476,1,1
"226",0,0.42820121540896,0.23464447707678,1,-1.09771310748865,0,1
"227",0,0.381043088659416,2.35506834732246,1,0.038706246881357,1,1
"228",1,0.150368156598722,1.12498023180527,1,2.369834772198,1,1
"229",1,0.229872096091627,-1.94956283889752,0,1.31348992115621,0,0
"230",1,0.547317747616564,-2.76237392816305,0,0.311515246270871,1,0
"231",0,0.392664963513651,1.95031511598518,1,0.61092363160074,1,1
"232",0,0.326426686623982,0.587306938849513,1,0.333142127035184,0,1
"233",1,0.446836035001218,-1.90569543797446,0,-0.537058110734671,0,0
"234",0,0.584412421041006,0.209694037880644,1,-0.0091926169468063,0,1
"235",1,0.572352365855977,0.124071321198934,1,-4.70670350127938,0,1
"236",0,0.85774498057147,-3.23308778882362,0,2.28567073893687,0,1
"237",1,0.509438123952555,-1.90883722413866,0,1.93605711481129,0,1
"238",0,0.225792735599077,3.76661964205331,1,-2.24002587340275,0,0
"239",0,0.399412855715394,0.533788749063604,1,0.612686258267984,0,1
"240",0,0.778874059736206,-5.90728576454597,0,-1.7390532830117,1,0
"241",1,0.489071673201281,-1.24059601146413,0,3.08143631795737,0,1
"242",0,0.162478817579415,5.1070671313284,1,-0.231776359286528,1,1
"243",0,0.571598453266607,1.29183487788471,1,2.93535134521737,1,1
"244",0,0.418456549709826,2.45397907690891,1,1.83823516447892,0,1
"245",0,0.793822251899964,-1.74932460339836,0,-3.4829752429911,1,0
"246",1,0.643022313844159,0.589383301305008,1,1.45491345797135,0,1
"247",1,0.265527898639794,4.20183868198499,1,1.52141096635088,0,1
"248",1,0.32623710550784,0.402267494328547,1,0.0391612414112558,0,0
"249",0,0.387363393338483,4.50598446683306,1,-0.652427485114744,0,1
"250",0,0.681712857100475,-0.290577587183371,0,-2.01328934877335,0,0
"251",0,0.616882402184283,-0.397830641206925,0,-2.66138905165228,0,0
"252",1,0.350417313287949,-3.14446007947616,0,2.35687500515652,0,1
"253",1,0.393875636360159,0.77357833366784,1,-0.701789759901743,1,1
"254",0,0.675156344533595,0.588779726475327,1,-2.48656688120936,1,0
"255",0,0.653018039535057,-0.992878101879375,0,-1.85271123328379,1,0
"256",0,0.749342071089921,-2.6327970740512,0,0.0195769775919985,0,1
"257",0,0.777016074785535,3.15168216348822,1,1.07657730745936,1,1
"258",0,0.487320988847943,3.85131715753229,1,-1.13506479042896,0,1
"259",0,0.548506316052638,2.98912587526489,1,0.804678623294653,1,1
"260",0,0.73263690544619,0.670828431416642,1,-2.461637681515,0,0
"261",1,0.33823478303265,-5.46205669022654,0,6.03474260804526,0,1
"262",1,0.315709653518698,3.49015499059463,1,0.299519782043936,0,1
"263",1,0.359411996583988,1.30617328245222,1,-0.856227977070158,1,0
"264",0,0.619626041529755,1.09017016486523,1,-0.635049452755751,0,0
"265",0,0.342872510404804,1.64779300400235,1,-0.943686148692534,0,0
"266",0,0.550618594874383,-0.275275152995647,0,2.62119204484744,0,1
"267",1,0.37248293749417,-1.63992138759012,0,-0.599979167733562,0,1
"268",1,0.525306402430926,-5.74903069706176,0,2.18364189000853,0,1
"269",1,0.413102960843665,0.0051854026684274,1,2.48177339197772,0,1
"270",1,0.452991974479153,0.43430689345379,1,1.39651915015641,0,1
"271",0,0.387986150429591,2.66071903820156,1,0.748988228990823,1,1
"272",0,0.332321718371694,2.25844636188306,1,2.49310119774193,1,1
"273",1,0.115399986280229,5.62443109445052,1,2.8873468155689,1,1
"274",0,0.413051564230127,2.02326096630369,1,1.64425797351223,0,1
"275",0,0.502777948129338,1.15468207790712,1,-1.15429604348075,0,1
"276",1,0.529557166767354,0.0583787754978865,1,-3.49590235757559,0,1
"277",1,0.331046101865172,-2.15934356020146,0,1.78862689155091,0,1
"278",1,0.583071276119588,-2.79705197934036,0,1.43542007909014,0,1
"279",1,0.589043401643596,-2.04495843950723,0,-0.401608584785641,0,0
"280",0,0.493505174940556,2.22367994414255,1,-1.36997682247414,0,0
"281",0,0.60810031524119,2.82945163845427,1,-0.201181903056615,0,1
"282",0,0.564917435258141,3.30442748200561,1,-2.06872290290575,0,1
"283",0,0.241152934673475,2.16984663671395,1,4.072336529617,1,1
"284",1,0.240649122348977,0.943806227858107,1,-0.193328887223296,0,1
"285",0,0.260575762738958,2.08503697139272,1,1.49160459430595,1,1
"286",0,0.340568503347717,2.7185831355683,1,2.23649651123586,1,1
"287",0,0.553950250879245,1.99281348427791,1,-0.257902322729762,0,1
"288",0,0.725505925207631,0.87587290260133,1,-1.56064334060211,0,1
"289",0,0.720569716675848,-3.11499247999152,0,0.248200673470602,0,1
"290",1,0.393541128531491,-0.632602642883632,0,3.15604017969186,0,1
"291",1,0.264796929372588,6.71052666540441,1,-2.89036407706084,0,1
"292",0,0.286414670691432,3.96790958726409,1,0.128806610732837,0,1
"293",1,0.448034884001411,0.305547383292779,1,0.714890472014161,0,1
"294",0,0.303658149718321,2.15300337523824,1,-0.00130614949030607,0,1
"295",0,0.395798174134258,1.58475193704568,1,2.79000427683283,1,1
"296",1,0.636039073098574,-3.23336603182283,0,1.73862241869834,0,1
"297",0,0.571907475068304,1.37021384063219,1,4.49342178199256,1,1
"298",0,0.653319765991481,-0.861024547311325,0,-1.52870112011726,1,0
"299",0,0.534056424564051,1.55374358559846,1,1.3557665507865,1,1
"300",0,0.375416195304055,1.50381376633863,1,1.39845209195048,1,1
"301",0,0.595447004836374,-2.34448221586134,0,1.46159377914655,0,1
"302",1,0.289944484782263,2.57253810896348,1,1.0636156826964,0,1
"303",1,0.368633590696015,-0.574431574421122,0,-0.459964466712469,0,1
"304",1,0.655932342494821,-3.54922369363234,0,0.00569690724212967,0,0
"305",0,0.408647706091335,1.27885076462375,1,2.76633985557124,1,1
"306",0,0.728566676856828,-3.39337479407956,0,-2.80243074989203,1,0
"307",0,0.636175191311284,-1.4505401529582,0,-0.183561846713592,0,0
"308",0,0.37869233602392,-0.437922020430788,0,-1.27340953275949,0,1
"309",1,0.462896184637631,-0.506099271723064,0,-2.38587010487177,1,1
"310",1,0.590724905937858,-3.89389914109716,0,1.29920796529983,0,1
"311",0,0.520676869406185,5.51121072068084,1,-1.7550229960758,0,1
"312",0,0.244050399872333,5.81823352946853,1,1.66537809321934,1,1
"313",1,0.398574269268199,-2.45740739154592,0,-1.98048285948502,0,1
"314",1,0.381115380775566,-1.4321054835914,0,-0.575501532366707,0,0
"315",1,0.2047167144684,3.88817701139072,1,0.574555384939308,1,1
"316",0,0.449198815040753,-1.51357104609594,0,-1.74325938811808,1,0
"317",0,0.430420264947066,0.0528569697030159,1,-1.30003531194717,0,0
"318",0,0.523164480809389,-1.80936988642614,0,-0.229822871616725,0,1
"319",1,0.525422864892206,-2.75800635794448,0,0.880735813785551,0,1
"320",0,0.479448105885155,4.0075220654873,1,0.151951118126383,0,1
"321",0,0.557535216579644,-1.88439571549025,0,-0.628987408525233,1,0
"322",1,0.324598255078932,-1.58431857137807,0,0.330950696553005,0,1
"323",1,0.478546637358575,0.691374778886135,1,-0.798790310813505,0,1
"324",0,0.467484655176949,0.823569329554351,1,-2.22830747089305,0,1
"325",0,0.514305834935464,-0.349484632893698,0,-2.38644411400831,0,0
"326",0,0.561646729168584,2.42397595595675,1,-3.32151911452308,0,0
"327",1,0.598290366068302,-1.96464418508092,0,2.47088340542867,0,1
"328",0,0.460133424856323,2.28044517846938,1,-0.183961117423049,0,1
"329",1,0.302501667737439,2.17395158630355,1,2.17788722242408,1,1
"330",1,0.500195672038939,-0.977242413296818,0,0.996506948941848,0,1
"331",1,0.420130997408341,0.31857523683517,1,2.27846219100376,0,1
"332",1,0.413151730997318,-3.74665823096742,0,0.558033615740576,0,1
"333",1,0.384624769094847,2.90238512351782,1,-3.87879142881793,0,1
"334",1,0.664102545252448,-5.39385007679523,0,-0.983874517490616,1,0
"335",0,0.531052511129475,0.317111059975994,1,-2.18906532348499,1,0
"336",0,0.609847569002217,1.36145199716263,1,-1.2200438390887,0,1
"337",0,1,-6.24092856963298,0,-0.451404166754776,1,0
"338",0,0.453710271761707,-2.43708223340147,0,1.51038847005469,0,1
"339",0,0.419770663276852,5.53158547394326,1,-0.297497251988768,0,1
"340",1,0.511404107842584,-1.98392429107144,0,3.30331663704459,0,1
"341",0,0.411580926666728,0.827242087437293,1,0.304997772289702,0,0
"342",1,0.366881482978953,-1.10666882060802,0,-0.288984705566467,0,0
"343",0,0.462563462675211,-0.761569498067184,0,0.626223779550952,0,0
"344",1,0.341972442574769,-3.36471864621565,0,0.745764130858601,0,1
"345",1,0.681580117415546,-0.551235213615341,0,0.333091560079298,0,1
"346",0,0.611758643235527,-1.32177553578753,0,0.990944765848328,0,0
"347",1,0.392310962210482,-3.71002823642958,0,0.657906742753851,0,1
"348",1,0.376304639174069,-0.62178822484917,0,0.0513744719930691,0,0
"349",0,0.601368579016442,-1.81611244080662,0,-2.98434579990957,1,0
"350",0,0.36335441347768,3.64270923448304,1,-3.74817462825719,0,0
"351",1,0.201578010004342,2.39161176229461,1,1.55706073222185,1,1
"352",0,0.465533119426479,1.66091025228494,1,0.395880940219717,0,1
"353",1,0.624148905464299,-3.04355104998144,0,0.924710261880223,0,1
"354",0,0.540490687299383,0.27440346461989,1,2.29302721676753,1,0
"355",1,0.549781712982574,1.45832045587319,1,1.46132586189558,0,1
"356",0,0.41304213377302,-2.62159105798705,0,1.13910671540773,0,1
"357",0,0.604736074254459,-2.44548568729695,0,-2.15549965852344,1,0
"358",1,0.515043166954034,0.271068001867768,1,0.369518447332611,0,1
"359",0,0.361206334286258,-0.135967994723302,0,-0.921205759763983,1,1
"360",0,0.649419084499514,-0.959193080390548,0,0.363816020194725,1,1
"361",1,0.312702121164945,1.10891892553351,1,3.06324926923109,1,1
"362",1,0.411893187415234,-1.31145561407674,0,3.35152548910841,0,1
"363",1,0.298946942338646,0.678188594842962,1,0.989980120254736,0,1
"364",0,0.359294663183541,2.71986932174912,1,0.128047349420327,0,0
"365",1,0.391735704120053,-1.0796071511168,0,-1.86701603828276,1,1
"366",1,0.444589770472779,-0.754032677967333,0,1.28262903513288,0,1
"367",1,0.267828396068195,1.39433904674097,1,1.0221965431394,1,1
"368",1,0.356524960875771,2.43780723519866,1,2.49898723635392,1,1
"369",1,0.475564056918709,-2.42515638970579,0,-2.33177817012225,1,0
"370",1,0.726686540597843,-4.59201790734784,0,-0.500834231672811,0,1
"371",1,0.297459823603344,2.29750823417229,1,1.17356874868931,1,1
"372",0,0.651288736120336,-0.406102331566339,0,-4.75517244783444,1,0
"373",0,0.658637988141062,-2.96914216080639,0,-3.0325246163029,1,0
"374",1,0.423559897193449,1.38120242509648,1,2.34561424825308,0,1
"375",0,0.638057743737038,-0.614230600010356,0,-0.923987035691848,1,1
"376",0,0.476700119931233,-0.697248682395857,0,0.634420829300455,0,1
"377",1,0.454873654666934,-2.45844313235213,0,-2.9358241941682,1,1
"378",1,0.434784857038511,1.16061897100518,1,1.63101543326149,1,1
"379",0,0.487003583508313,-2.00669635640465,0,-0.845422170578878,1,1
"380",1,0.609968344584493,-1.66388294607196,0,0.286194927500845,1,0
"381",1,0.415340515883163,-0.61892046128427,0,0.732157579371558,0,1
"382",1,0.730840143836447,-3.70364086842524,0,-0.240129970189348,0,1
"383",1,0.757626421223313,-5.25350059165723,0,-0.165048416637564,0,0
"384",1,0.725178098835497,-2.17569225403313,0,-1.89362577041729,1,1
"385",0,0.587077075020117,0.0687444794186483,1,-1.76575457072142,0,1
"386",1,0.363610603882344,-0.876262312016637,0,0.550421221931373,0,1
"387",0,0.44055517189607,-2.12609480504969,0,-1.56809187549056,0,0
"388",1,0.241261242003697,1.99746127310423,1,0.00302363398661773,0,1
"389",1,0.428839194748516,-0.307157107420287,0,-0.205067736070304,0,1
"390",0,0.555224085652986,-3.70264681413567,0,0.753829938800933,1,0
"391",0,0.570922785911222,-2.97248675773241,0,-2.50801328663452,1,0
"392",0,0.474050076844405,1.92096684102135,1,-0.613302722162761,0,1
"393",0,0.45313236963216,3.75341239761972,1,2.67480734067498,1,1
"394",1,0.505667038883197,-2.77213335640437,0,-0.168205127572348,0,1
"395",1,0.7508709332519,-5.73680240746138,0,-1.48985042633136,1,0
"396",0,0.544371907760099,0.989046107603248,1,-1.93158520683374,0,1
"397",1,0.430497818497349,-0.299651517894672,0,0.317881028457059,0,0
"398",0,0.587981188087258,0.175587479742422,1,-1.07396456369017,0,1
"399",1,0.615697091800671,-0.695972051696404,0,-0.459822870827588,0,1
"400",0,0.379909804146862,2.52120802014342,1,0.717898819832874,0,1
"401",0,0.364444483519453,1.832286189777,1,-0.689479819341261,0,1
"402",1,0.4279943782476,-4.16215572787075,0,0.142684481900006,0,1
"403",0,0.517778407874874,2.92484079071779,1,0.155941304638674,0,1
"404",1,0.700872035193545,-3.16783002103598,0,-2.45386176097037,1,1
"405",0,0.552156458021525,0.900651795900526,1,4.63937559947851,1,1
"406",1,0.610115392808002,-2.96915192593731,0,-1.49524329679387,0,1
"407",1,0.41607443365442,2.5064435884265,1,0.480281080020706,0,1
"408",0,0.63074136185185,-1.3885931437558,0,3.35811596770809,0,1
"409",1,0.619463553941986,-2.13540710715388,0,0.794009769632976,0,1
"410",0,0.338335416529805,4.95378514402671,1,-0.816002335857887,0,1
"411",0,0.451795514264542,-0.773009074995309,0,-1.93548568969458,0,1
"412",1,0.528464535311044,-2.70120319707771,0,-0.664153845578873,0,0
"413",1,0.362798088419312,-0.0864624407593537,0,0.188354650728417,0,1
"414",0,0.461368274630551,-1.18717003827698,0,-0.955388429661421,0,1
"415",0,0.479038599078816,-3.0398011506544,0,0.992813552071304,0,1
"416",1,0.510141847865724,-0.0802541450216145,0,-0.46026145610152,0,1
"417",0,0.455567282603248,1.13522596106684,1,0.684591028410356,0,1
"418",0,0.548309360743341,-0.949950135938039,0,0.0550460207619306,0,1
"419",0,0.762254980477184,-3.37976582551877,0,-3.50225852513056,1,0
"420",1,0.392578420023411,-3.38309391652669,0,1.72402821884518,0,1
"421",0,0.641762542283735,1.83476735417229,1,-1.04215798160898,0,1
"422",0,0.553490366374572,-1.30592223487299,0,-1.66494317346166,0,0
"423",1,0.863168211270677,-3.58347933072095,0,-1.33856226319966,1,1
"424",1,0.443992950601571,1.28729984620484,1,1.34586668624875,0,1
"425",1,0.345872576932697,-3.43219611963848,0,2.86401598415658,0,1
"426",0,0.622708426909482,-0.35429253713071,0,-0.705233425385118,0,1
"427",0,0.359653347677249,4.42146311047696,1,1.80283155120013,1,1
"428",1,0.429563882388964,-0.452280380382355,0,1.7368048775015,0,1
"429",1,0.409718992215073,-4.85197195575026,0,-0.922123661709717,1,0
"430",1,0.692270298950023,-5.08952934417293,0,-0.409236986413572,0,0
"431",0,0.344430863925924,1.26829664934216,1,-0.0346662586137956,0,1
"432",0,0.336371019310052,0.704386629829998,1,1.4634571666636,0,1
"433",0,0.483528747234695,3.75544928932881,1,-0.26424970638599,0,1
"434",1,0.533655408802275,-3.03998234471686,0,2.22549699964517,0,1
"435",0,0.482013353300183,2.46689974309623,1,-0.049903583440974,0,1
"436",1,0.356675910842527,-0.018642159168201,0,-1.74293194526801,0,1
"437",1,0.325573459905869,2.25527785568473,1,-0.787255234119303,1,1
"438",1,0.464951269639118,0.00750911105266716,1,0.324085444885914,1,1
"439",0,0.453876229253732,-0.00783578609995033,0,-0.271075827047861,1,0
"440",0,0.683746257121876,-0.153929416338755,0,-0.199037364628976,0,1
"441",0,0.555168046367702,2.78169114825945,1,-0.992796795502391,0,0
"442",1,0.482640561733166,-2.43648086490209,0,0.801451760028463,0,1
"443",0,0.588400654267063,0.781220236213658,1,0.257279602731274,0,1
"444",1,0.639849684035614,-2.86060136573016,0,0.324632967770649,0,0
"445",1,0.51240291570623,-2.51883446440076,0,1.10377322179815,0,1
"446",0,0.477376300628018,-1.07076038200512,0,0.156790830600772,1,0
"447",1,0.115951027477008,4.21430345788067,1,1.18230273411021,0,1
"448",0,0.597657410164939,1.124161287487,1,-1.72731452834844,0,0
"449",0,0.3873214885713,3.74892316909564,1,-3.3998888351687,0,0
"450",1,0.602543376277334,-1.66401781015754,0,0.217208407148701,1,0
"451",0,0.575560454559241,3.37911701751722,1,0.833281507413197,1,1
"452",1,0.243596529692102,1.47877069138587,1,3.06510723275537,1,1
"453",0,0.659294794236292,-2.02238622700875,0,0.147994901947765,1,0
"454",1,0.27869625795844,2.33447339755891,1,3.04052601716265,1,1
"455",1,0.582623350056296,1.78699915236361,1,0.866943155415721,0,1
"456",0,0.518669031640371,-0.975188381485125,0,-3.63124434502677,1,0
"457",0,0.619442752833854,-3.86631325980029,0,2.28191198998107,0,1
"458",0,0.464621723891914,-0.0162583160609156,0,0.563220726716874,0,0
"459",1,0.357630661373697,-1.35803015488053,0,-0.349831847157344,1,0
"460",1,0.584400510250609,-5.67863920024529,0,-0.257848761022004,0,1
"461",1,0.712694974649599,-4.31853230419177,0,1.46611255823259,0,1
"462",1,0.548944970094701,-1.59368121817051,0,1.78818059298984,0,1
"463",0,0.431519949274014,3.69055000220848,1,-2.34776532106763,0,1
"464",0,0.220644285290329,3.95269896733216,1,0.596727722384788,1,0
"465",1,0.468528261366584,-4.58326796276211,0,-0.90476479277467,1,0
"466",1,0.301628949607151,2.49188746408945,1,0.845048379548151,1,1
"467",1,0.310487660855102,1.6535902056858,1,0.436846996365881,0,1
"468",0,0.44255319297732,3.636198131642,1,0.847005542233718,0,1
"469",0,0.321985235224898,0.857129711025878,1,1.36952944274947,1,1
"470",1,0.505946480373179,1.64808199997815,1,-0.257928189955091,0,1
"471",1,0.428162704294259,4.59707369481254,1,-0.245490885782457,0,1
"472",1,0.462142715297278,-2.2989400688742,0,3.29647741815183,0,1
"473",0,0.628857868528167,-5.02422430859333,0,0.585982107174452,0,1
"474",0,0.986002742685773,-4.62130880682358,0,-2.44674012120336,1,0
"475",1,0.350978282354855,1.09370057900692,1,1.16684234386346,1,1
"476",0,0.511862177206854,1.76525639804443,1,1.95660180221311,0,1
"477",1,0.524107870875524,1.09776383021746,1,-2.08316186137493,0,1
"478",0,0.748059868890362,-5.72011256651444,0,-0.807469141174788,1,0
"479",0,0.651229993843478,-0.0890921975176752,0,-2.71539571315798,0,0
"480",1,0.587317526474048,-1.86766670337339,0,-0.457139234351274,1,0
"481",0,0.66660901148089,-1.72562509601117,0,-2.31987815149733,1,0
"482",1,0.165874034006793,-2.74660868344771,0,0.616268912146596,0,1
"483",1,0.58200132908145,-1.5746735361608,0,0.252321329749131,0,0
"484",0,0.533991880477588,3.05270444461619,1,-2.36262691110834,0,0
"485",0,0.643392200146633,-1.24973731014295,0,-0.0314427408918445,0,0
"486",1,0.349440377620791,-0.434671182465878,0,-1.86103545301793,1,1
"487",1,0.68099760729913,-2.06256065190748,0,-1.08628501548437,0,1
"488",0,0.394932796003177,-0.309692305731647,0,-1.28762893667537,0,1
"489",1,0.642975512971985,-1.02622452555107,0,-0.131018913885011,0,0
"490",1,0.564029366698331,-2.92687040124659,0,1.71702886653121,0,1
"491",1,0.540844343230166,-2.79608237205723,0,2.46429449576628,0,1
"492",0,0.693689643843222,-0.354224501296774,0,-2.65210110661377,0,0
"493",1,0.396023319736539,-0.165283034518096,0,1.56516038039762,1,1
"494",1,0.540617008834075,-2.61891106588786,0,2.33296141272271,0,1
"495",0,0.571237004821139,5.23163901313461,1,-0.344495479611477,0,1
"496",0,0.669367422410188,-3.4463303399168,0,-0.108615663788627,1,0
"497",1,0.766943371797236,-2.43185547343344,0,0.870945708159952,0,1
"498",1,0.586704434991791,-2.20896320315404,0,0.438978060622716,0,1
"499",1,0.231365701592836,3.38781483943208,1,2.01003586495043,1,1
"500",1,0.280904899486754,4.14081422757685,1,1.64566833522314,1,1
